full_name,name,hydrophobicity,polarity,charge,Aromatic or aliphatic,Molecular mass,isoelectric point,pk1,pk2,pKa,van der Waals volumes
∏ ∞±À·,G,X,-,-,-,75.07,6.06,2.34,9.6,0,47.3
±˚∞±À·,A,X,-,-,-,89.09,6.11,2.34,9.69,0,64.4
Á”∞±À·,V,X,-,-,aliphatic,117.15,6.02,2.32,9.62,0,98.6
¡¡∞±À·,L,X,-,-,aliphatic,131.17,6.04,2.36,9.6,0,115.7
“Ï¡¡∞±À·,I,X,-,-,aliphatic,131.17,6.04,2.36,9.6,0,115.7
±Ω±˚∞±À·,F,X,-,-,aromatic,165.19,5.76,1.83,9.13,0,139.9
…´∞±À·,W,X,X,-,aromatic,204.23,5.88,2.83,9.39,0,196.9
¿“∞±À·,Y,X,X,-,aromatic,181.19,5.63,2.2,9.11,10.07,136.9
ÃÏ∂¨∞±À·,D,-,X,negative,-,133.1,2.98,1.88,9.6,3.65,80.1
◊È∞±À·,H,X,X,positive,aromatic,155.16,7.64,1.82,9.17,6,118.9
ÃÏ∂¨ı£∞∑,N,-,X,-,-,132.12,5.43,2.02,8.8,0,94.6
π»∞±À·,E,-,X,negative,-,147.13,3.08,2.19,9.67,4.25,97.2
¿µ∞±À·,K,X,X,positive,-,146.19,9.47,2.18,8.95,10.53,118.1
π»∞±ı£∞∑,Q,-,X,-,-,146.15,5.65,2.17,9.13,0,111.7
º◊¡Ú∞±À·,M,X,-,-,-,149.21,5.71,2.28,9.21,0,120.5
æ´∞±À·,R,-,X,positive,-,174.2,10.76,2.17,9.04,12.48,138.4
Àø∞±À·,S,-,X,-,-,105.09,5.7,2.21,9.15,0,66.1
À’∞±À·,T,X,X,-,-,119.12,5.6,2.09,9.1,0,88.9
∞ÎÎ◊∞±À·,C,X,X,-,-,121.16,5.15,1.96,10.28,8.18,82.2
∏¨∞±À·,P,-,-,-,-,115.13,6.3,1.99,10.6,0,88
